node_id,node
32316707,santana_nd
223853454,avanticrio_sergio
365010667,_sasa_santana_
943692932,giovvanimilan.team.mike
1081834336,youstellascout.coleth
1290581166,peachperfect_dianna
1710230294,valerio_scout
1977483574,peachperfect_fernanda
2025601070,swayvintage.joeimee06
2062349653,peachperfect_maria
2285566236,peachperfect_marilyn
2981140518,peachperfect_kiersten
3086399249,voncleirscout.mae
3086414822,voncleir.scout.lyra
3086705857,thar14_vincere
3086823688,vincere_kent24
3086834280,vincere_karl2
3086844398,vincere_kent25
3471420299,luissyrin_joeddaisy05
3897043100,vincere_ademar2
3897838271,vincere.07jerlyn
3899226521,lionel12_vincere
3899759637,cate4_vincere
3955271546,shadesme_valerio
3956220356,valerio_wearwatch
3956269975,valerio_watches
3985612439,carlo01_vincere
3986006051,vincere_jhg
4000582625,marymay21_vincere
4000942335,vincere.nor5
4001504932,marymay25_vincere
4019662724,vincere.nor
4067043985,vansla_jenn6
4076357759,aimee01_astoria
4077019771,ava03_astoria
4079489135,vincere_cath19
4080192245,scarlet06_astoria
4080268092,valerie01_astoria
4080389723,naomi_astoria
4080470352,praise.vincere24
4080624778,samson01_vincere
4080925212,dahlia_astoria
4081900198,annalisa02_astoria
4082472142,vincere.nor12
4082819140,vincere.nor10
4083537127,vincere.nor8
4083765822,nics5_vincere
4084487246,voncleir.scout.alaya
4084598328,darine02_vincere
4084730813,praise.vincere22
4084878176,praise.vincere23
4085138351,vincere.nor9
4092459327,peachperfect_vanessa
4113713367,vincere_eva11
4125758982,peachperfect_hannah
4262347564,valerio_ensemble
4262802879,valerio_access
4262957329,valerio_dailywears
4263055354,valerio__collection
4263599468,valerio_jeweled
4305197342,vincerewears
4313972186,nhlsantana
4370240472,urbanice_savage
4373995859,urbanice_wicked
4713245880,mialyn02_vincere
5341092262,vincere_mae03
5341300843,dreadclothing_karya
5341876658,hypeauthority_colab
5341953989,urbanice.drop
5392253593,vincere.10jerlyn
5392423667,vincere.13jerlyn
5392500352,praise.vincere12
5392600383,vincere_kent22
5392783534,praise.vincere11
5392858162,cercles_nikki2
5488140039,peachperfect_rundolphe
5593645100,peachperfect_designee
5623948324,aureoparis.19haze
5763848788,_recruitvincere
5780848755,valerio_mancini.pt
5869312381,peachperfect_king
5901308103,peachperfect_abby
6272823649,peachperfect_helena
6666493089,04jane.vincere
6693889656,kate02_vincere
6695377365,kate03_vincere
6696223474,kate00_vincere
6699728368,valerio.tiny
6700121584,nino4_vincere
6700209555,valerio.true
6700754131,valerio.light
6701439687,valerio.spirit
6716351900,valerio.loud
6722365981,gine5_vincere
6722906370,kris5_vincere
6733342734,vincere_cath02
6734427170,vincere_melody77
6734958344,vincere_cath03
6735030692,vincere_melody66
6735140013,cathy1_vincere
6735799553,vincere_cris31
6736045133,cher05_vincere
6739510368,bruteimpact.motif
6740896104,bruteimpact_slimfit
6741562327,vincere_dy12
6741914225,archem002_vincere
6742529723,aira9_vincere
6742598031,gracey_astoria
6743213888,kevinje7_vincere
6746227282,vincere_ademar4
6746747125,savannah_astoria
6747531304,aureoparis.cora
6747634065,vincere_ademar5
6747940303,peachperfect_windy
6757410097,bruteimpactline
6757798476,jomailen2_vincere
6759011567,aureoparis.eliana
6759118275,aureoparis.emery
6759144296,aira00_vincere
6759491045,kimmy_astoria
6759883843,vincere_ademar1
6759947130,vincere_dyna11
6760177154,macee6_vincere
6760229954,amanscloset_captivating
6760251416,joseph1_vincere
6760398590,vincere_dyna10
6765097062,fashion__bruteimpact
6767250926,torres7_vincere
6776540556,annalyn_astoria
6776740046,charisse2_vincere
6776941826,charisse_vincere
6777258363,kate_astoria
6777301192,charisse1_vincere
6777894657,juliet21_vincere
6778124303,lanathelabel_cass13
6778183974,gen_vincere
6778447372,vincere_leah11
6778992772,vincere_jayr3
6779048310,dhel7_vincere
6779830194,vincere_jayr0
6784237422,beauty.valerio
6816278116,voncleir.team.jandi
6825523524,skylar_valerio
6825811192,valerio_sunstyle
6827555427,kath6_vincere
6827584770,swayvintage_joejen4
6827611764,lionel07_vincere
6827749482,rhona02_vincere
6866440952,kevinje2_vincere
6867068450,kevinje3_vincere
6867388111,lovely21_vincere
6868002167,belizza_ivy
6869308528,kevinje1_vincere
6883455980,mikisuarezvalerio
6891252523,vincere.nor1
6898147898,sunglasses_on_valerio
6898815947,juliet12_vincere
6903429578,valerio_shades_spear
6931291747,peachperfect_stella
7038869210,vansla_janna7
7060612474,valerio_stylishwatch
7060764315,aira_vincere13
7073463737,zezenitribe
7073961443,zezenifashiondiva
7144627755,voncleir.scout.kailey
7146418967,voncleir.scout.skyla
7150979985,addison10_astoria
7152849015,amanda07_astoria
7153336844,malou12_vincere
7167830720,vincere_nab06
7169285820,jai25_vincere
7169481812,malou11_vincere
7199192675,peachperfect_rubi
7234955558,kate07_vincere
7235848850,valerio_wearsunglasses
7238096151,valerio_aekerley
7238159108,valerio_styleer
7238186252,valerio_tide
7245842491,vansla_leslie6
7248185735,kate06_vincere
7550449836,vincere.nor4
7550764260,vincere.nor3
7589768069,valerio.brandmanagement
7591845125,juliet11_vincere
8045183274,tristan01_vincere
8072370776,voncleir.team.joie
8106134930,vincere_marz04
8167127738,swayvintage_joejen6
8285535584,daphne_astoria
8285676323,vincere_ademar3
8285692990,ariana05_astoria
8287213255,freya_astoria
8287747388,eleanor_astoria
8462011942,beirmark.pretty
8502466337,kate01_vincere
8510792645,aureoparis.14haze
8583211783,beirmark.s
8598332445,valerio.conqueror
8598381081,valerio_lines
8625495145,praise.vincere04
8698403091,brousedfitness.darlene1
8970540040,valerio_avery
9145885218,vincere_ademar8
9206851386,vincere_ademar9
9225025451,vincere_ademar7
9428049425,mgb2_vincere
9972003888,beirmark.cute
10001749532,cassandra_astoria
10011851768,sinceresallyscout.airah
10027982173,valerio.counter
10092135949,allie04_astoria
10108062827,alona_astoria
10112370783,kate010_vincere
10139476809,ally_astoria
10145110526,marymay04_vincere
10147899276,valerio_shades.watches
10157551422,faith_astoria
10163253502,valerio.nature
10164765361,valerio.adopt
10166045296,marymay05_vincere
10191557067,meg_astoria
10213170000,marymay03_vincere
10224266635,vincere_cath01
10323592543,aira10_vincere
10330243539,beirmark.world
10595011889,valerio.pure
11179275611,valerio_resources
11192551552,vincere_juby5
11194839232,vincere_jeneth010
11203862564,vincere_lui_17
11209182261,vincere_lui_18
11211585579,valerio_advance
11218023252,vincere_jeneth02
11227654390,vincere_jeneth03
11284830584,juliet1_vincere
11302028425,vincere_gracey09
11329021033,peachperfect_hayleigh
11360412392,valerio.soul
11377177741,peachperfect_moren
11384370768,10frank_vincere
11391492423,praise.vincere06
11392916372,praise.vincere05
11400873477,vincere_lui_15
11423018281,lionel09_vincere
11429497706,vincere.nor14
11537514214,vincere_jeneth01
11541840315,vincere_lui_16
11542744326,vincere_jeneth9
11766344336,arya12_astoria
11860532929,aureoparis.12haze
11889759784,valerio.idealaccessories
11907649702,valerio.legend
12034558578,avanticrio_nixon
12076534997,vincere_lucia3
12867607080,9freddy_vincere
13026694499,vincere_kent02
13205920268,praise.vincere03
13210624336,vincere_kent03
13507030899,an_vincere
13775923171,maynepo_vincere
13789410229,maynepo1_vincere
13921505778,maynepo2_vincere
15280475904,_bankr0ll.santana
16320685330,vidafits.3
16439393100,leahm06_vincere
16446128387,leahm05_vincere
17595903595,cercles_nikki
17619317124,hypeauthority.warmth
17684805990,vansla_jen3
17762044526,jenn5.recruiter
17787450671,vansla_jenn4
17800289775,cercles_nikki1
17804934001,swayvintage_joejen3
17861114160,leahm08_vincere
17877465205,vincere.06jerlyn
18526974814,lavenia8_vincere
18890524368,brousedfitness.emerald13
18998259050,peachperfect_doren
19010195219,aureoparis.17haze
19560127458,natalie_astoria
19769206060,charisse7_vincere
19815219224,charisse8_vincere
19991642422,brittany_astoria
20828068945,valerio.products.sale
21004081875,valerio_fashionwear
21022360759,valerio_hot.sale
21213287550,valerio_channel
21253196162,valerio_trend.style
21270877326,valerio_pearl
21422045371,valerio_amethyst
21465925435,valerio_essence
21623620951,valerio_sil.ver
21633480387,valerio_display
21638000195,valerio_vintage
21696027508,charisse6_vincere
23234670724,georgina_astoria
23377418293,vidafits.w
23431363848,johnralph01_vincere
23432451116,leahm07_vincere
23857718428,juliet17_vincere
23861828582,juliet18_vincere
23862460814,vincere_melo
23945450301,sunglass_on_valerio
24066296341,vincere_dyna18
24079491921,macee4_vincere
24081099911,caylie_astoria
24085762568,johnralph02_vincere
24089177249,haidie_astoria
24151245399,charisse4_vincere
24293521732,johnralph_vincere
24293849513,vincere_shiela6
24359297705,valerio_rc2019
24497314293,juliet20_vincere
24762205758,charisse5_vincere
25004730915,charisse3_vincere
25011183743,valerio_aenescumb
25038124565,valerio_rc76
25069443484,styling_valerio
25073030785,vidafits.w2
25083438389,charisse9_vincere
25094709346,charisse10_vincere
25221862715,ashley_astoria
25268847879,kenzie_astoria
25308026397,valerio_shadeson
25314864229,genevieve_astoria
25323815919,thar5_vincere
25328599196,thar6_vincere
25332742492,cherripott8_vincere
25347979686,kris3_vincere
25493536583,vidafits.w3
25574004544,riley_astoria
25588938025,holly_astoria
25627727182,kristal09_vincere
25747321533,espoirdorothee
25821966182,kristal10_vincere
25860576169,marymay23_vincere
25965345472,kevinje4_vincere
26024364200,marymay24_vincere
26042781723,jhayme1_vincere
26238842589,nat04_vincere
26411379161,cher06_vincere
26417784521,maynepo5_vincere
26544821162,vansla_jen1
26561602922,vansla_jen2
26793685659,jomailen9_vincere
26821161086,praise.vincere07
27010793693,maynepo9_vincere
27121764167,lionel11_vincere
27127379366,lionel10_vincere
27134625990,cercles_jen10
27175039441,vidafits.w5
27197993281,praise.vincere08
27399099062,bruteimpact_sample
27448117927,urbanice.bar
27469632282,bruteimpactsleek
27604626714,brousedfitness.chanz006
27697569686,justine09_flexwear
27727293122,bruteimpact_products
27862612759,phoebe_astoria
27891464671,annaleise03_astoria
27988280986,casey_astoria
28001827797,kate05_vincere
28122721127,jomailen8_vincere
28351307654,jazz_astoria
28471847855,sinceresallyscout.shilloh
28977058335,maeanne08_vincere
29165415225,brousedfitness_ryu05
29179213406,hermosa2.vincere
29209209597,praise.vincere15
29317823774,curtney_astoria
29383786487,valerio_bellance
29539661111,praise.vincere13
29550236064,praise.vincere14
29565369923,sunglasses_valerio
29667890125,cristy3_vincere
29697826107,bruteimpact.sif
29700961775,vincere_rowena5
29810842035,urbanice_fashion_jewelry
29843270267,vincere_kent04
29891970906,cristy4_vincere
29911545544,jinky04_vincere
30052099540,vincere_kent28
30192210396,gen05_vincere
30251647444,gen.vincere
30481913680,gen10_vincere
30827001664,vincere.11jerlyn
30835902789,malou000_vincere
30850611375,peachperfect_jaydee
30856446517,vincere.stuffs
30880271837,valerio.tube
30880861903,marie_astoria
30907699595,vincere.rtw
30966428980,tahir2_vincere
31000624109,vincere.12jerlyn
31009930369,praise.vincere21
31067751008,lanathelabel_cass10
31071110574,maeanne09_vincere
31110543014,jhasmine_astoria
31129535096,urbanice_goldwatchz
31146077734,vincere_kent6
31153062481,cang04.vincere
31217591067,vincere.sheila13
31289643980,valerio.blank
31290895372,urbanice_goldstonez
31296447774,vincere_kent9
31305434760,vincere.a2
31320202999,vincere_marz05
31324748571,ethiopiatina07_vincere
31325324289,vincere.josh10
31335453388,duran2_vincere
31337431653,valerio.beat
31353076010,vincere.mae08
31362384844,vincere_kent7
31377379482,vincere_archiel33
31389316085,urbanice.trends
31390242634,valerio.crash
31392140671,urbanice_fantasy
31474810427,fiona2020_vincere
31512381940,vincere_cang
31512604616,duran6_vincere
31513447533,urbanice.world
31524461133,karen_vincere4
31527199637,vincere.micah012
31530075989,vincere_mae09
31535876575,vincere_archiel35
31542975076,vincere_mae11
31544807078,valerio_tines
31559649993,valerio.power
31561153654,duran_vincere
31570684719,urbanice_star
31589953576,urbanice_speed
31590266509,dreadclothing_yna
31599975181,valerio_roses
31601219793,issamust_ren5
31608221892,valerio_jona
31608764597,vincere.karen9
31623403154,vincere.03jerlyn
31624151842,urbanice.beauty
31629864611,vincere_mae16
31633705786,praise.vincere10
31683882777,vincere.sheila8
31694339009,bruteimpact.omni
31697004177,an02.vincere
31702899272,vincere.mae06
31706106881,maynepo3_vincere
31713841674,vincere.mae04
31715175172,valeriovincere
31719274755,praise.vincere26
31720833253,valerio.spray
31722036035,valerio.blush
31725419365,lynn_vincere
31725924208,giovvanimilan_team_hustin
31728838495,issamust_ren3
31733400100,dreadclothing_ysabel
31733469371,allison09_astoria
31739492554,karen_vincere5
31742257526,vincere_ryan31
31756419087,valerio_pump
31770813262,valerio.soreal
31771735364,valerio_royal
31772311130,praise.vincereo9
31772570302,urbanice_warrior
31775732720,valerio_race
31777076698,vincere_arvie14
31788157196,valerio_cares
31794428169,vincere.09jerlyn
31795861202,valerio_acers
31798859078,brousedfitness.emerald6
31803233274,vincere.mae17
31821961521,issamust_ren2
31853123076,vincere_kent01
31857024157,wmcclothings_haze5
31923002988,vincere.micah016
31929132889,dreadclothing_bea
31933983910,vincere_arvie15
31935233403,vincere.micah
31935691031,valerio_july
31936665801,urbanice_switch
31951150226,issamust_ren
31953409734,valerio_justines
31970048238,vincere_arvie12
31980929493,vincere.mae13
31985392633,issamust_ren4
31991584903,cristy_vincere
31993515126,vincere.karen59
32004337143,issamust_ren1
32011100038,urbanice.calm
32015992082,urbanice_zero
32034024533,animalpixel.thornft
32059430855,carlos1_vincere
32087837113,iris_astoria
32098782987,valerio_thenna07
32163204134,espoirbranddirector
32191474235,salvatorefranco_team_fourth
32199251381,urbanice.management
32208322120,urbanice.adopt
32208971456,vincere_kent27
32210328133,vincere.mae19
32270736398,neri12_vincere
32302728398,abby_astoria
32308642128,vincere_shan3
32311330738,vincere_shan4
32327544125,giovvanimilan_team_jackey
32347763110,bruteimpact___sky
32463196313,vincere_ademar6
32474658710,giovvanimilan_rayler
32495537909,valerio.vintage
32496590505,vincere_jeneth05
32499977692,valerio_thenna10
32514031189,vincere_lucia5
32514620482,vincere_jeneth06
32540175100,vansla_leslie5
32548598222,vincere_lui_19
32549838520,vincere_jeneth0010
32556848810,vincere_cath04
32559932139,vincere_jeneth13
32565228807,vincere_cath10
32568197995,vincere_kent11
32574408614,urbanice_baby
32578963616,vincere_cath13
32582893344,valerio.trend.style
32589635071,christine4_vincere
32647449935,zezeniypalp
32654396096,valeriophony
32688620579,vincere_jeneth04
32692046970,vincere_cath07
32716873261,vincere_jeneth07
32721744689,vincere_jeneth09
32727279939,vincere_cath120
32748975055,valerio.shop_now
32756930892,ademar14_vincere
32770864213,vincere.karen33
32776324531,sinceresallyscout.cassieh
32783083138,shaby1_vincere
32785769518,vincere_cath060
32787841695,abigail_astoria
32791380493,vincere_jeneth1
32805288123,jamaica2_vincere
32817495587,ambher_astoria
32827878849,issamust_ren7
32884188779,vincere_jeneth08
32904699453,vincere_cath05
32920281097,vincere_cath06
32921351043,vincere_jeneth8
32933655110,vincere_8juby
32935990945,vincere_jeneth0012
32945823031,jamaica4_vincere
32960321070,vincere_fina
32966406530,vincere_jeneth4
32970561525,vincere_kent26
32979753396,abbigail_astoria
32979912243,urbanice.models
32983656544,monica_astoria
33000111032,salvatorefranco_team_jordick
33004936229,vincere_cath14
33006008428,vincere_cath16
33050021300,cristy05_vincere
33058587311,naz7_vincere
33066680262,valerio_kity
33073466916,urbanice_hope
33148640578,vincere_cath11
33152063590,vincere_jeneth2
33152212511,jamaica1_vincere
33159603409,shaby4_vincere
33166756848,vincere_cath090
33175433029,jamaica3_vincere
33176913309,team.bruteimpact_style
33187388440,vincere_cath18
33190447534,kristal05_vincere
33209694057,vincere_reagan15
33209715829,vincere_reagan16
33224095491,carlos2_vincere
33227149143,vincere_lucia13
33231984240,urbanice_news
33305531664,vincere_fina10
33310013763,flexwear_eunice21
33371083129,vincere_cath15
33373259001,vincere_cath17
33383838477,urbanice_wave
33387736567,vincere_cath080
33391452852,salvatorefranco_team_sins
33394755780,swayvintage.trendy
33404891716,kristal07_vincere
33412004286,shaby07_vincere
33417116135,teomyr2_aesthelish
33424121081,issamust_ren6
33436920731,shaby05_vincere
33437214295,kevinje013_vincere
33464515576,charisse11_vincere
33466657395,urbanice_mobile
33477157850,valerio_nautical
33479257747,fina11_vincere
33488284362,valerio_implore
33540217426,fina1_vincere
33614096117,salvatorefranco.team.rei
33615481634,kristal08_vincere
33619059740,kushiela_aesthelish
33682419133,valerio_coolness
33713876352,fina3_vincere
33782295834,valerio.wows
33789349249,fina4_vincere
33843219386,vincere_lucia17
33848566062,brousedfitness_kling4
33862943157,_astoria
33905618493,vincere_lucia14
33942736060,enviareco_ambassadors
33967557676,bruteimpact.style_fashions
33973586077,urbanice_sphinx
33985335313,raine_astoria
33988744317,salvatorefranco_team_jhonder
33994060680,jamaica10_vincere
33996668500,kenth9_vincere
34005080373,bruteimpact.style_shine
34010331418,8shaby_vincere
34012672836,keila_astoria
34013497896,kenth2_vincere
34013506102,arlyn3_vincere
34024520232,kenth1_vincere
34093158731,fitzeri.om04
34094258040,fina2_vincere
34132132954,praise.vincere29
34153423682,urbanice_cold
34154947513,salvatorefranco_team_hossef
34164385355,urbanice_fam
34166661488,amia_astoria
34169549507,aubrey_astoria
34176566572,brielle_astoria
34192916074,vincere_marj002
34203026633,riley1.astoria
34205521496,vincere__joseph992
34207024664,ruby07_vincere
34214209173,karenvincere
34264533623,espoirdirector_
34335075824,urbanice_hype
34347594986,peachperfect_nessa
34352598583,sydney_astoria
34353687642,vincere_reagan19
34364612908,arlyn2_vincere
34368287436,lany1_vincere
34374273883,urbanice_lit
34376060450,vincere_terence5
34377963653,kenth10_vincere
34381850754,vincere_marjz001
34382692439,myra09_vincere
34382840672,vincere_terence
34384616497,urbanice_fun
34388345417,jamaica12_vincere
34388457257,kenth6_vincere
34389122853,shaby06_vincere
34390634042,shaby09_vincere
34451329179,urbanice_topshop
34476560624,pawhabits.julianna
34482983654,urbanice_now
34483094197,urbanice_shop
34483362636,vincere.jayp18
34484466359,voncleir.team.dahlia
34501825303,vincere_juby10
34563525025,amira_astoria
34564627744,kenth11_vincere
34575321990,kenth7_vincere
34586874060,ruby08_vincere
34588344333,stacy11_vincere
34598760065,stacy8_vincere
34633250830,espoirambassadorhead
34653736986,brousedfitness.jessica05
34654535018,vincere_fina7
34669500447,vincere_fina9
34685738185,vincere_juby9
34694887576,urbanice_top
34702586537,urbanice_flashs
34706130163,urbanice_starss
34735617971,nikki1_aesthelish
34737364066,voncleir.team.china
34743403134,iris.vincere
34744026380,iris3_vincere
34745369443,janine5_aesthelish
34747138911,voncleir.team.tyronia
34748065474,voncleir.team.lexifiel
34852538257,pawhabits.daisy
34882314182,vincere_juby11
34882619649,urbanice_sharps
34914837232,iris_vincere
34924237566,iris2.vincere
34948697230,jill_vincere
34953008817,lanathelabel_zyra.38
34970144131,voncleir.team.maegan
35048221722,raph05_vincere
35068661794,urbanice_maxx
35088346181,urbanice_games
35096192464,urbanice_brands
35118393161,luissyrin_joegeme02
35126081712,iris3.vincere
35126695744,aesthelish_eunice10
35151912217,janine8_aesthelish
35296796005,valerio.sowell
35300135343,voncleir.team.becka
35309876012,nikki2_aesthelish
35311326904,iris5_vincere
35340345805,alexis_astoria
35356657741,voncleir.team.cyrus
35440348314,peachperfect_sandi
35445515431,peachperfect_norin
35448188267,valerio.moral
35538214730,aureoparis.keln
35540230866,vincere.eljun
35771645289,peachperfect_rhoss
35787777237,vincere_jijie02
35792035587,atboujeesfrezell
35803646892,peachperfect_gizel
35829283581,balanzigoldy
35831703251,peachperfect_conie
35938073874,vincere_bam01
36083924197,balanzimensclub
36093087864,brousedfitness.sushmita11
36099854086,vincere_danielle06
36101974053,vincere_danielle04
36104141566,brousedfitness.sushmita10
36138856164,nat03_vincere
36146505556,nyxgems_teamup
36309315298,mintere_official
36312682500,fitzeri.no35
36316267353,vincere_carmel03
36321073681,vincere_eva02
36328001098,vincere_danielle07
36348894290,vincere_jeneth011
36358354142,vincere_marj02
36481871672,nat01_vincere
36484127221,vincere_danielle03
36494759902,vincere_danielle08
36495515831,vincere_jeneth7
36508474678,nat02_vincere
36519720548,vincere_danielle01
36549533326,vincere_jeneth012
36551039392,mintere_official_scout
36559056067,vincere_julie02
36581690210,mintere_jewelry
36621783732,vincere.camille7
36742845254,vincere_eva12
36751293385,vincere_eva09
36798396638,jill05_vincere
36858804958,brousedfitness.marj04
36870097053,brousedfitness.marj01
36964008233,vincere_jeneth0011
37108958286,alma_astoria
37138374377,peachperfect_bheng
37144160155,peachperfect_sydni
37148736070,bruteimpact___orig
37204394138,jill03_vincere
37215848073,jill01_vincere
37294601053,brousedfitness.marj02
37341702275,vincere.allen12
37341907326,giovvanimilan_team_faulker
37365310336,peachperfect_princezz
37390440177,pierrearden_team_holder
37522374032,peachperfect_xannel
37523854038,celin_astoria
37539629331,mintere_scout
37544112599,vincere_eva012
37545951993,peachperfect_keithy
37604761366,peachperfect_cecile
37625542432,pierrearden_team_zap
37700853535,bruteimpact.june
37715089055,peachperfect_kristal
37719799130,pierrearden_team_calumn
37742549390,pierrearden_team_parker
37797626889,bruteimpact___uno
37823376783,luissyrin_joeronnel03
37926439241,pierrearden_team_spike
37929802967,rafaella6_vincere
38026935980,shaby03_vincere
38073923978,peachperfect_aika
38172079702,peachperfect_cris
38213559314,peachperfect_dona
38276391131,peachperfect_jelique
38308382147,peachperfect_chabeng
38328476841,clionar.s1
38340804896,atboujees.fashioncraze
38405175167,santanamaltaladominadora
38417076544,pierrearden_team_caiden
38541874203,hatima5_vincere
38566694931,valerio.prismatic
38575541198,peachperfect_abbi
38588953471,vincere_0003
38645615913,peachperfect_allison
38653163083,02shaby_vincere
38724575928,vincere_marj01
38766182214,vincere_0001
38769501487,fitzeri.no24
38797913745,espoirrecruitementteam
38825374153,gela01_vincere
38883532781,peachperfect_hazell
38931333959,dp.recruiter
38931983609,atboujees_voguish
38953561268,vincere_mariel6
38954289744,vincere_eva23
38973958408,madison09_astoria
38976764758,vincere_0004
38982162960,vincere_0002
38994267456,rhianna_astoria
39017009736,vincere.ericka10
39021098980,gigglebaby.deodomie
39023916168,salvatorefrancoscout_lewis
39046270442,vincere.wallace5
39058062212,vincere_marj7
39070197000,peachperfect_meghan
39142930378,luissyrin.uk
39180798237,vincere.wallace2
39194934278,pierreardenscout_jhon
39198831051,vincere.ericka11
39229480254,fred.vincere4
39243431199,valerio_pinnacle
39245175190,stephanie01_vincere
39290422903,vincere.wallace3
39362145178,joseph_vincere
39374766551,ava04_astoria
39396799114,brousedfitness.roxan09
39408240946,victoria05_astoria
39415731302,vincere.ericka12
39440502867,voncleir.team.liah
39442362518,fitzeri.om80
39477027504,vincere_marj4
39487622711,itzsantanababy
39508922427,fred.vincere1
39552031909,keziah_astoria
39556376927,akshaye06_vincere
39566540754,valerio.omen
39579085057,akshaye04_vincere
39608875790,luissyrin_uk
39620920604,vincere.ericka09
39642638285,brousedfitness.jana1
39649470746,pawhabits_danielle03
39653302272,pawhabits_danielle02
39653973154,voncleir.team.odessa
39666804058,voncleir.team.rian
39667981067,brousedfitness.jana2
39735575702,salvatorefranco_team_herondale
39736831827,akshaye08_vincere
39739295686,peachperfect_veena
39745281425,salvatorefranco.team.theo
39750017049,peachperfect_cyneisha
39776579059,peachperfect_geesha
39813397726,brousedfitness.annjoy2
39854149267,vincere.fred04
39858203943,brousedfitness.jana7
39866783819,valerio_customized
39890980374,peachperfect_avia
39891061279,wavilo.rf01
39913553162,peachperfect_maix
39925715299,peachperfect_perin
39927995605,peachperfect_geiisha
39932298060,akshaye01_vincere
39953068719,urbanice.royalties
39972433222,wavilo.es2
39974344528,akshaye07_vincere
39994247804,pawhabits_danielle1
39995830325,ann03_vincere_
40001702393,vincere_danielle5
40002286384,akshaye05.vincere
40011308026,black_urbanice
40017796212,peachperfect_tatiana
40024614230,vincere_danielle7
40029570851,urbanice.velvet
40030063676,lil.urbanice
40034900550,vincere_danielle6
40041533101,peachperfect_jazminz
40042348601,vincere.myca002
40047600516,peachperfect_demz
40047659221,vincere_marj010
40052554691,vincere_marj008
40052668684,vincere_danielle013
40123057562,peachperfect_wax
40128697970,peachperfect_kristel
40161638132,akshaye03_vincere
40163446814,vinceremarj8
40172533225,vinceremarjz9
40174927304,vincere_marj004
40175798684,pawhabits.danielle1
40178708022,vincere_julie_4
40184602340,ann002_vincere
40190762001,cheska4_vincere
40190995058,vinceremarjz12
40194529970,peachperfect_rossie
40195940191,vincere_marj005
40207958193,vincere_danielle010
40208459905,salvatorefranco.team.xerxes
40215255344,voncleir.team.kwenzel
40217209348,vinceremarjz11
40221278200,voncleir.team.franchesca
40222522334,vincere.myca05
40223792797,cheska1_vincere
40225955493,saralynn_astoria
40226792950,cheska2_vincere
40229050276,brooklynn_astoria
40238964038,vincere_resa_03
40239995661,vincere_resa_04
40241182157,atboujees_amanda04
40246961309,jedeson00_vincere
40253569349,vincere_resa_
40325056883,timmy06_vincere
40325802478,peachperfect_reenaa
40326815256,urbanice.uno
40328423368,vincere_julie_7
40331199967,vidafits.khoukha
40362598000,brousedfitness.charisse9
40367847729,mckenzie_astoria
40368255918,abbey_astoria
40368367144,vincere_danielle001
40370018536,peachperfect_mallia
40372317870,jedeson03_vincere
40374211007,vincere_julie04
40385213873,balanziclassy
40388233378,akshaye02_vincere
40388440243,ann001_vincere
40391875591,vincere_marj011
40393448254,peachperfect_mutya
40394974051,cercles_olive3
40405016716,vincere_marj003
40408676731,peachperfect_rence
40417682925,jedeson05_vincere
40427483279,vincere_resa_02
40439424224,brousedfitness.annjoy4
40476109151,swayvintage.joeimee08
40484047538,vincere_mj1
40525573196,peachperfect_aw
40534415241,jaya0_vincere
40564993186,vincere_julie03
40569323205,vincere_marj006
40569380617,vincere_marj009
40592355186,standzy_astoria
40601876970,vincere_resa_05
40609032904,jedeson02_vincere
40624542366,vidafits.fo
40631416848,urbanice.breeze
40738399959,vincere_ronelle_05
40754741428,vincere_ronelle_01
40768717524,vincere_mariel
40832247412,hana_vincere
40867175747,valerio.behold
40892859313,atboujees.janice
40914960456,peachperfect_meggan
40921027782,peachperfect_oli
40932924073,vincere_relax
40963332325,belizza.julyo04
40964033569,vincere_ronelle_04
40964904640,brousedfitness.charisse10
40971771137,vincere_mariel3
40978371808,dominic02_vincere
40980114349,valerio.worldwidespread
41016170840,belizza.hailey01
41047901603,valerio.solid
41052889557,peachperfect_dennise
41064867166,valerio.wristmate
41090031450,vincere_ronelle_03
41128090268,vincere_ronelle_02
41141187001,vincere_mariel1
41148694583,che3.vincere
41156940911,peachperfect_icel
41162577512,peachperfect_xianna
41165738773,rosalie06.vincere
41167408327,valerio.flytoyou
41205031678,5frank_vincere
41215763151,che5.vincere
41249968559,peachperfect_yasi
41302334498,vincere_mariel2
41308317846,valerio.finess
41322651118,peachperfect_amen
41332711563,che1.vincere
41376292436,peachperfect_nya
41377336608,che2.vincere
41394555364,che4.vincere
41549600157,salvatorefranco_team_klein
41561945982,valerio.prettysunglasses
41568250671,peachperfect_akire
41568424793,valerio.branch
41582067387,peachperfect_indee
41588710372,wavilo.ta
41615411199,salvatorefranco_team_dominick
41642018426,vincere_diana2
41835639959,laura.astoria
41847380634,ashley46_vincere
41912535887,cercles_jen4
41936628212,cercles_jen6
41945248870,diana4_vincere
42086151548,vincere_diana1
42099399899,pawhabits.sa1
42100863621,pawhabits.ml1
42111407137,pawhabits.sa2
42115422325,calel01_vincere
42129828826,cercles_jen7
42146015754,urbanice.josy
42177656306,ambos02_vincere
42178323485,peachperfect_jackielyn
42194623869,justice01_vincere
42208569943,peachperfect_sami
42210975910,peachperfect_ramielle
42215974314,chrys12_vincere
42250818524,caitlyn_astoria
42292975191,pawhabits.ml2
42383759294,cercles_jen2
42405133689,justice05_vincere
42412084123,peachperfect_yexel
42507609295,cherryc12_vincere
42516450427,pawhabits.sa
42550308352,betty_urbanice
42595333785,peachperfect_elz
42657294382,brousedfitness.grace1
42659399595,valerio.big
42674181798,zezenifashoninsta
42692960849,valerio.saved
42759675248,jaya09_vincere
42827476679,justice06_vincere
42827994089,valerio.extraordinaryy
42917121106,brousedfitness.jocelyn8
42925687300,clionar.x1
42933614212,peachperfect_rheal
42977845822,ambos07_vincere
42983671418,ambos09_vincere
42995833413,jaya11.vincere
43042411471,valerio.export
43082939078,flexwear_yunika12
43109109346,clionar_brand
43109606712,ambos14_vincere
43109640523,hana00_vincere
43117478817,sheena1_vincere
43126028579,clionar.sn
43126372717,luissyrin_ambassador
43132859854,clionar.es
43141842507,clionar_s3
43151809425,clionar_s1
43161208506,clionar10
43163948158,fernan07_vincere
43175754985,che6.vincere
43211652927,brousedfitness.nathasha3
43251763053,brousedfitness.jocelyn6
43276763075,flexwear_yunika14
43324825493,clionar_56
43343280514,clionar_raa
43345496330,clionar.fashoin
43483937098,brousedfitness.jocelyn7
43505230061,clionar_._
43531315178,sheena2_vincere
43533363427,veverly01_vincere
43536297089,luissyrin_1
43575445194,che8.vincere
43590650476,veverly09_vincere
43622580572,valerio.blood
43692494376,veverly03_vincere
43702803212,clionar_marketing
43710187075,clionar_s
43714464270,hacie_astoria
43717529723,luissyrin07
43719681460,luissyrin_so
43727441286,sheena00_vincere
43747975439,che9.vincere
43762283071,shop.urbanice
43767409528,che7.vincere
43782738774,che10.vincere
43794093487,valerio.savior
43806166730,c00kie01.vincere
43824626399,scarlette_astoria
43830377196,kayee30_vincere
43833280669,valerio.sopure
43848030270,espoirambassadorchief
43876914322,tin2_vincere
43881582588,ambos05_vincere
43928833914,fernan09_vincere
43938455637,dreadclothing_reisha2
43940871676,kayee29_vincere
43995858335,peachperfect_evette
44014551977,kaye_astoria
44064360467,luissyrin_as
44072300718,ambos4_vincere
44077862104,pierrearden_team_gernie
44079677926,pierrearden_team_zidan
44080037116,brousedfitness.vanmarie5
44089589284,ambos00_vincere
44092009621,ambos1_vincere
44094826065,sheena4_vincere
44097440633,sheenaa3_vincere
44106001368,pierrearden_team_breint
44109241312,shop__urbanice
44123096580,pierrearden_team_robien
44126607392,lyricah_astoria
44161963892,peachperfect_maira
44164809061,dreadclothing_reisha3
44167466497,valerio.boom
44194038670,dreadclothing_reisha6
44209411780,brousedfitness.sushmita12
44209490747,espoirbrandmanager
44212845339,vansla_leslie9
44220367588,ambos6_vincere
44245882247,clionar.fashoin1
44252200080,avanticrio_smashh
44252780866,urbanice.dreaming
44257391201,ambos10_vincere
44260109386,wavilo.kd03
44262351531,balanziradiant
44270052263,pierrearden_team_rady
44270920783,valerio_sunwear
44281144986,shila04_vincere
44286996153,sheenna06_vincere
44301115517,vincere_lorain2
44323952905,balanzioxidized
44335499794,peachperfect_xyzer
44339143013,chiefexecutiveespoir
44358631022,alberto1_vincere
44359924864,niko10.vincere
44363181410,alberto2_vincere
44368331022,luissyrin_joegeme03
44406685356,zezenisoul
44417327723,pierrearden_team_jask
44419180697,sheena5_vincere
44446450030,pierrearden_team_henery
44449260683,ambos11_vincere
44455913317,pierrearden_team_braynt
44457287431,cathy_astoria
44461035536,pierrearden_team_efron
44461691349,brousedfitness.sarah111
44472161078,salvatorefranco_team_ahmer
44474330009,pierrearden_team_effren
44481324700,salvatorefranco_team_kenzo
44490838257,brousedfitness.reymar12
44496644740,jaya15.vincere
44518515955,balanzibright
44520559436,loriabag_gi_
44525884729,larzsbrand.deod05
44547540085,luissyrin007
44557075442,brousedfitness.cheryl3
44564201272,salvatorefranco_team_kaizen
44588889032,peachperfect_avic
44591593529,cercles_jen1
44592395405,peachperfect_sollen
44599962797,vincere_maria02
44601854887,enviareco.cx
44605313333,ambos12_vincere
44645103020,peachperfect_olivie
44646032250,luissyrin_joegeme01
44670296513,valerio_captivating
44670935311,nyxgems.pearls
44671323518,jaya16.vincere
44694314032,leigh_astoria
44698379782,espoirexecutive
44702340592,alberto4_vincere
44731536644,espoirforyou
44768568015,cercles_jen3
44774518070,balanzibrooch
44788384882,vincere_eduardo1
44793258519,alberto9_vincere
44797787137,jooy03_vincere
44814971865,wavilo.oma7
44823112348,julia_astoria
44887432889,alberto5_vincere
44888490640,alberto7_vincere
44891567167,sheena07_vincere
44894257869,alberto3_vincere
44900597465,vincere_luisa06
44902316478,enviareco_a0
44906896641,alberto6_vincere
44912344955,alberto8_vincere
44914560132,brousedfitness.cheryl4
44918241067,peachperfect_sherly
44926311106,jooy01_vincere
44938859333,reas6_vincere
44952746917,pabs10_vincere
44959069928,pierrearden_team_veriel
44968308353,sheena08_vincere
44983633054,jooy02_vincere
45018711704,youstellascout.claudia
45029569485,balanziphire
45038871380,deerose_vincere02
45045383456,deerose4_vincere
45057535633,brousedfitness.jerico1
45069491747,deerose_vincere01
45075510910,brousedfitness_faye14
45076598737,brousedfitness_faye11
45078623768,brousedfitness.matt5
45080084702,belizza.aangel
45082076503,youstella.team.star
45083920974,balanziwarriors
45085412418,youstellascout.aica
45089214224,valerio.goodshades
45094113336,deerose_vincere04
45094519786,brousedfitness.stephanie8
45095882782,youstella.team.sabbina
45120862888,cercles_olive4
45135759324,jooy07_vincere
45138800160,brousedfitness.melody1
45140056697,alberto10_vincere
45140782024,jewel_astoria
45164048287,laarni_astoria
45201783549,deerose_vincere03
45203750848,youstellascout.lillie
45204298107,wavilo.ya6
45208727717,brousedfitnesskristine4
45211581479,salvatorefranco_team_donrodz
45225127497,via_dnj
45225909418,deerose2_vincere
45227740466,youstellascout.eileen
45233744252,balanzicrown
45238700512,deerose1_vincere
45239860991,wavilo.ni15
45245237543,brousedfitness.faye2
45247102769,pierrearden.team.panzpeterz
45252286309,cercles_kristine14
45254365643,youstellascout.ainah
45256075656,wavilo.ni28
45256186105,deerose_vincere05
45257676872,brousedfitness.faye9
45265684694,pierrearden_team_derreick
45277962090,yasi_dnj
45278156571,brousedfitness.matt4
45281728263,lean01_vincere
45282969862,brousedfitness.jerico2
45283830566,youstellascout.marga
45284932748,espoir_sophia
45288276599,cercles_kristine10
45288721369,wavilo.rf18
45289166546,brousedfitness.sara4
45291023521,swayvintage.joeimee01
45292982457,brousedfitness.dean2
45295997549,brousedfitness.sara2
45296607410,brousedfitness.dean8
45298087168,brousedfitness.dean10
45298306015,youstellascout.haylee
45304496864,mialyn08_vincere
45306600882,luissyrin_joerose03
45307680726,brousedfitness.arje5
45309400490,luissyrin_joerose04
45312402114,swayvintage.racheal2
45313217311,valerio.hotshadez
45314242789,brousedfitness.corina5
45314280149,brousedfitness.princesann6
45315428894,jirah_dnj
45317741437,lozada1_vincere
45319299394,brousedfitness.sara1
45319354800,espoir_chloe
45319365500,jeric_4vincere
45320477176,brousedfitness.dean12
45329519854,brousedfitness.jessica04
45330852969,jv02_vincere
45331748146,brousedfitness.dean13
45332320263,brousedfitness.jimmelyn09
45336924264,sheena9_vincere
45337490983,lozada3_vincere
45338009112,brousedfitness.cheryl8
45370646325,youstellascout.shanna
45380236899,youstellascout.adriana
45396643368,youstellascout.krissa
45402567263,luissyrin_joerose02
45404454705,brousedfitness.jessica08
45417998090,brousedfitness.matt2
45418021978,youstellascout.annalisse
45421940357,belizzadesires_celine
45431796349,luissyrin_joerose01
45433062433,brousedfitness.janeg17
45434884849,brousedfitness.cha1
45438302678,clionar_
45438396666,valerio.gleaming
45441209895,valerio_satisfaction
45441340909,brousedfitness.danyela3
45443611570,youstellascout.mabel
45443990322,peachperfect_nevaeh
45448599496,brousedfitness.dean6
45450134666,jeric_3vincere
45450423960,lozada7_vincere
45451809835,treasuresofbalanzi
45452331221,brousedfitness.jessica28
45456038507,jasmine_dnj
45456430579,brousedfitness.dean5
45457109137,urbanice.searcher
45457528040,valerio_genuine
45458165619,brousedfitness.sara7
45459961191,youstellascout.maylene
45460472958,brousedfitness.jimmelyn6
45460593929,airick_dnj
45460649232,pierrearden_team_levert
45460829261,wmcclothings_haze1
45462030570,brousedfitness.dean9
45462496531,brousedfitness.faye7
45466464501,brousedfitness_faye12
45467413937,brousedfitness.dean15
45472571819,brousedfitness.janeg19
45475379695,youstellascout.jaydah
45477565534,cercles.janna23
45478398476,brousedfitness.erica8
45478660757,an02_vincere
45486925393,sheena10_vincere
45490943529,brousedfitness.jam4
45493499577,lozada6_vincere
45497604452,brousedfitness.reinalyn6
45500937470,wmcclothings_haze8
45503120032,brousedfitness.corina4
45504880662,urbanice.huge
45504981878,brousedfitness.jessica06
45508866376,cercles.janna21
45513021203,brousedfitness.jam3
45521304392,karah_dnj
45524136942,lozada8_vincere
45525380220,brousedfitness.corina15
45530068778,brousedfitness_liezel2
45531671781,brousedfitness_liezel10
45538614540,brousedfitness.sarah444
45542879470,brousedfitness.joreen16
45547319635,brousedfitness_liezel16
45547932805,brousedfitness.ronan4
45550014137,brousedfitness.fel4
45555454556,brousedfitness_liezel11
45555831603,sheena11_vincere
45559524830,brousedfitness_liezel1
45561660590,brousedfitness_liezel8
45565421076,brousedfitness.elmer3
45569095222,brousedfitness.cathlyn6
45571319367,brousedfitness.jek2
45571759713,sheena13_vincere
45572066455,brousedfitness.kate15
45572130748,brousedfitness.mia14
45577521453,animalpixel.micro
45577735368,brousedfitness.tan12
45601578239,wavilo.kd2021
45601994713,youstellascout.catia
45602028997,brousedfitness.jerico15
45602618605,wavilo.kd98
45603087350,ashley_dnj
45610514906,brousedfitness.jerico12
45612461632,clionar.beauty
45615673553,stef_astoria
45620174739,lozada2_vincere
45620205557,brousedfitness.abbygaile4
45620878385,brousedfitness.corina8
45621249487,youstellascout.kelly
45623077060,animalpixel.powernft
45626215333,clionarr_2
45627812569,wmcclothings_haze6
45628260412,brousedfitness.princesann7
45632559136,wmcclothings_haze2
45634952218,brousedfitness.mialyn07
45637892490,brousedfitness.corina6
45639626955,urbanice.intellegent
45643509089,brousedfitness.joset5
45644936706,brousedfitness.jovel03
45647231857,agent_vincere
45648466202,urbanice.people
45649264914,youstellascout.ellaine
45649688317,swayvintage.collections
45649731743,cercles.janna25
45649735454,luissyrin__brand10
45651969944,brousedfitness.sara5
45652426887,tifanny_dnj
45654541773,brousedfitness.reinalyn4
45655458983,brousedfitness.sara8
45657033146,urbanice.goldjewel
45658704210,urbanice.draw
45660572146,luissyrin_joerose05
45673824944,fely_dnj
45677847863,brousedfitness.ronan1
45680900501,brousedfitness.jam1
45681288658,cercles.janna22
45682129981,brousedfitness.reinalyn3
45685100953,brousedfitness.calel1
45686975212,brousedfitness_liezel3
45687250662,brousedfitness.thea4
45688992090,brousedfitness.dean11
45690805557,brousedfitness.joset13
45698002796,brousedfitness.jessica02
45698991963,brousedfitness.pot4
45700544032,brousedfitness.corina9
45703605312,brousedfitness.angelv7
45705788929,brousedfitness.ronan3
45709559613,brousedfitness.ladymay1
45710861876,brousedfitness.gabriel2
45711430216,brousedfitness.lheonel11
45713163188,brousedfitness.joset14
45713855390,brousedfitness.marc1
45717789821,brousedfitness.jill4
45717869938,brousedfitness.gwen5
45718021601,brousedfitness.lheonel12
45718027558,brousedfitness_liezel5
45723653619,brousedfitness.botching9
45724284210,brousedfitness.kristinenicole1
45725728052,brousedfitness.jedah5
45725842423,animalpixel.save
45727971517,brousedfitness.jl9
45727996563,brousedfitness.jl4
45728911755,brousedfitness.jane1
45733676172,brousedfitness.gwen4
45735307465,brousedfitness_liezel9
45736530993,brousedfitness.kristinenicole2
45737013745,ejune08_vincere
45744847488,brousedfitness.angelcris4
45748663837,an05_vincere
45749182689,brousedfitness.lyssa2
45749763486,brousedfitness.jl10
45751168639,animalpixel.outnft
45753848240,brousedfitness.jedah7
45756532554,brousedfitness.cathlyn9
45757163799,brousedfitness.cheryl12
45757277870,brousedfitness.lyssa3
45759453799,brousedfitness.lyssa5
45760339596,brousedfitness.cheryl11
45761109799,brousedfitness.chanel16
45761428263,brousedfitness.sharmaine2
45763832588,brousedfitness.jl2
45765263740,brousedfitness.pot8
45765825838,brousedfitness_liezel14
45766772052,brousedfitness.marcuno
45769007175,brousedfitness.noevember2
45772683661,brousedfitness.johbela2
45773101115,brousedfitness.christiann23
45773972555,brousedfitness.ronan13
45776387990,brousedfitness.bert3
45777556098,brousedfitness_zhel21
45779585551,brousedfitness.jeden6
45779692421,brousedfitness.bert7
45783170916,brousedfitness_angel.3
45785588063,brousedfitness.lyssa6
45786151138,brousedfitness.aime12
45788115664,yumi_dnj
45792274609,brousedfitness_liezel19
45793625605,brousedfitness.glenn14
45794738954,brousedfitness.bert6
45796429013,brousedfitness.thalia3
45797297601,sheena14_vincere
45798635064,brousedfitness.kurtv12
45799456772,brousedfitness.angelcris1
45801292552,brousedfitness.jomari4
45801572775,brousedfitness.aimee8
45801610507,an08_vincere
45802199975,brousedfitness.arby05
45804211494,brousedfitness.noevember4
45804265584,brousedfitness_zhel17
45806135754,shakira45_vincere
45808325393,urbanice.fixed
45811186315,brousedfitness_zhel24
45811485806,brousedfitness.jean05
45813712246,brousedfitness.corina17
45817984780,brousedfitness.lyssa9
45841559532,animalpixel.cryptos
45842235110,raia_dnj
45843519746,jammy6_vincere
45852138084,alexa_dnj
45855551182,brousedfitness.ronan2
45856149881,jammy5_vincere
45856758031,vinceanthony02_vincere
45862466998,belizza_ejune3
45867924956,brousedfitness_liezel7
45868134816,brousedfitness.jonjie2
45869296202,wmcclothings_lava1
45870710355,brousedfitness.simon1
45872883249,espoir.kyna
45877463963,brousedfitness.mialyn26
45878349119,belizza_oliv
45883149582,brousedfitness.carl8
45887744254,jovita3_vincere
45888892759,brousedfitness.cathlyn1
45888908750,brousedfitness.kristinenicole5
45893418806,brousedfitness.emely07
45893657044,espoir.charie
45895341510,brousedfitness.jl11
45896018638,brousedfitness_liezel6
45901596397,clionarn5
45902597650,brousedfitness.arby
45904017937,brousedfitness.sarah333
45907073172,brousedfitness.jedah8
45911778968,jovita6_vincere
45914855594,brousedfitness.bert1
45916107364,brousedfitness_liezel12
45917203047,brousedfitness.rowena1
45922311798,brousedfitness.lyssa8
45925448245,brousedfitness.naomi1
45927224520,brousedfitness.naomi3
45927640634,brousedfitness.renna14
45928621649,brousedfitness.ronan12
45931294299,an04_vincere
45933779423,brousedfitness.bryan12
45934233246,brousedfitness.fel10
45934853635,brousedfitness.christiann21
45936687183,brousedfitness.jima1
45940692147,brousedfitness.bert2
45942044067,brousedfitness.ronan10
45942056517,animalpixel.god
45943299070,brousedfitness.sed2
45944380788,brousedfitness.bert8
45945048257,brousedfitness.fel9
45945140024,brousedfitness.michelle16
45950281245,brousedfitness.jefferson5
45952326282,ejune06_vincere
45952373040,brousedfitness.scammer3
45960895432,brousedfitness.edjaycarl6
45960933476,brousedfitness.jomari3
45961229360,brousedfitness.johbela9
45961233753,brousedfitness.ronan7
45963220869,brousedfitness.angelcris7
45965073867,brousedfitness.corina18
45965117912,trishamae9_vincere
45965449786,ejune07_vincere
45966469025,brousedfitness.thalia2
45969222519,diana18_vincere
45969330214,brousedfitness.scammer2
45970109126,brousedfitness.aimee101
45972360785,brousedfitness.bert4
45973362259,brousedfitness.neymae4
45975232811,brousedfitness.ronan18
45978088301,brousedfitness.carl9
45978107465,brousedfitness.angelcris9
45979015860,shakira42_vincere
45979768078,brousedfitness.pot6
45980415582,brousedfitness.jean07
45986011309,brousedfitness.aime07
45986198981,brousedfitness_zhel12
45987882032,brousedfitness.aimee3
45988306783,brousedfitness.aimee09
45991492449,avi01_vincere
45991837986,shakira49_vincere
45997570082,brousedfitness.ladymay005
45998570270,trishamae11_vincere
45999024848,brousedfitness.angelcris6
45999998318,brousedfitness.jl28
46004411037,brousedfitness.aime01
46004916484,brousedfitness.raymark2
46006310318,animalpixel_token
46010432818,brousedfitness.angelcris11
46012300862,clionar8
46013626132,brousedfitness.aime03
46015477378,brousedfitness.jomari15
46018603688,brousedfitness.lheonel29
46018740581,brousedfitness.arby019
46021155328,an09_vincere
46021273058,brousedfitness.jomari7
46024447003,swayvintage.joeimee10
46025886901,brousedfitness.ejune.13
46026269351,brousedfitness.nenia4
46030298915,brousedfitness.corinne4
46039365284,joy15_vincere
46040326985,brousedfitness.noelle3
46044404772,swayvintage.joeimee05
46045621112,sheena18_vincere
46048992870,pierrearden.team.aster
46049100180,swayvintage.joeimee04
46049441360,brousedfitness.jamilla5
46053006030,glen_vincere
46055841009,brousedfitness.jomari14
46058476828,brousedfitness.noelle1
46081587765,cercles_olive8
46083357503,brousedfitness.diana.1
46085453164,belizza.sarah999
46087646493,lozada9_vincere
46093627367,brousedfitness.elmer8
46094559378,brousedfitness.bert9
46094894581,brousedfitness.lyssa1
46095549809,brousedfitness.diana.3
46099550031,brousedfitness.ronan8
46099805522,brousedfitness.kurtv06
46100270027,brousedfitness_zhel20
46103914281,sheena12_vincere
46104022171,lozada10_vincere
46104658263,jammy4_vincere
46106179457,valerio_savvy
46107228487,brousedfitness.joy4
46109380323,brousedfitness.ronan6
46111516627,brousedfitness.angelcris2
46118189355,brousedfitness.tan14
46118816098,brousedfitness_liezel15
46118915658,valerio_amazingly
46119770099,brousedfitness.jill13
46122743544,brousedfitness.aimee20
46122744981,therese07_vincere
46122751970,brousedfitness.aime10
46125052285,brousedfitness_zhel22
46125398692,brousedfitness.aimee11
46127117802,brousedfitness.aimee2
46129229613,brousedfitness.aimee4
46129270261,brousedfitness.aimee18
46129694028,brousedfitness.thalia4
46130658669,brousedfitness.corina16
46130882003,vincent4_vincere
46133377356,brousedfitness.sharmaine5
46134442975,an03_vincere
46134732152,brousedfitness.alfred3
46136057876,brousedfitness_zhel18
46136198683,peachperfect_isal
46137144724,brousedfitness.thalia1
46140441329,brousedfitness.bert5
46140944929,valerio_dapper
46141725915,brousedfitness.ladymay007
46144780338,brousedfitness_angel.8
46145291620,aylene_astoria
46145620179,brousedfitness.stephanie13
46146236526,brousedfitness.joms2
46149458938,brousedfitness.bert14
46150198021,brousedfitness.catherine21
46150432172,brousedfitness.lyssa4
46151185929,brousedfitness.neymae5
46151526293,brousedfitness.aime02
46152248781,an06_vincere
46152944980,brousedfitness.tan13
46154558682,brousedfitness.arby11
46154764646,brousedfitness.angelcris13
46157992974,brousedfitness.elmer18
46159057804,brousedfitness.aimee5
46161967833,brousedfitness.corinne6
46161990367,shakira47_vincere
46164329997,vincent9_vincere
46164597990,brousedfitness.vanessaa10
46165073477,brousedfitness.pot9
46165591212,brousedfitness.gin1
46167184706,brousedfitness.noevember5
46169242273,brousedfitness.ladymay006
46170485365,shakira48_vincere
46171160379,brousedfitness.bert15
46172067713,brousedfitness.jomari8
46179231327,an11_vincere
46181466442,brousedfitness.aime04
46182160602,brousedfitness.aimee074
46184678822,brousedfitness.rawan3
46190509144,brousedfitness.jl30
46191476086,jooy11_vincere
46194009262,brousedfitness.jl23
46198706125,brousedfitness.jean06
46200947392,brousedfitness.jl26
46203198218,sheena17_vincere
46206018964,brousedfitness.corinne5
46207140950,sheena16_vincere
46211001261,brousedfitness.edjaycarl12
46216917887,brousedfitness.aiza2
46222488738,brousedfitness.gin3
46222888815,brousedfitness.corinne2
46222937425,animalpixel_neontf
46224822779,sheena19_vincere
46231075728,brousedfitness.corinne7
46242691136,pierreardenscout_jeine
46244671416,brousedfitness.gretel3
46247465267,luissyrin_joeiimee11
46253720280,billie_astoria
46254398878,brousedfitness.rocille2
46259582224,valerio.watchesshades
46268921811,brousedfitness.aiza6
46272894956,animalpixel_nftempire
46275431610,an21_vincere
46277509766,sheena22_vincere
46280525617,swayvintage.joeimee07
46284302761,wavilo.om74
46293159783,brousedfitness.rocille16
46297953968,brousedfitness.rocille3
46320184844,brousedfitness.bert10
46322264949,valerio.realtime
46322400060,brousedfitness.jl20
46327680209,an07_vincere
46332180724,brousedfitness.aime19
46334081843,brousedfitness.jedah16
46334940155,brousedfitness.michelle5
46335085256,brousedfitness.edjaycarl9
46336928340,brousedfitness.ladyann5
46339867563,brousedfitness.edjaycarl4
46340622319,shakira43_vincere
46343252093,brousedfitness.aime05
46347617869,brousedfitness.edjaycarl5
46350798479,vincere.wears12
46352465294,brousedfitness.anncath15
46355788125,shakira41_vincere
46357819773,shakira50_vincere
46360641625,brousedfitness.aime09
46360964924,brousedfitness.gin2
46362384972,brousedfitness.jean02
46365324848,brousedfitness.jamilla3
46367476796,animalpixel_nftgoods
46368881129,lozada11_vincere
46370037034,brousedfitness.izra7
46370292159,animalpixel_nft
46370905761,brousedfitness.vanessaa9
46374201308,shakira46_vincere
46374259544,brousedfitness.jl27
46375754945,brousedfitness.kristel21
46376186952,brousedfitness.gin5
46381153811,brousedfitness.corinne3
46382028933,sheena15_vincere
46384009673,brousedfitness.corinne1
46388225615,brousedfitness.babiecates4
46388998298,brousedfitness.aiza4
46390049389,brousedfitness.altheag8
46391025310,brousedfitness.jamilla2
46395340291,brousedfitness.nenia6
46395823781,brousedfitness.noelle8
46396569634,an13_vincere
46396810575,pierrearden_team_mannex
46400561255,zezenirise
46401193406,an10_vincere
46404640843,an12_vincere
46409813806,brousedfitness.gretchin4
46409910196,brousedfitness.gretchin5
46425031670,brousedfitness.rocille5
46425558932,sheena21_vincere
46425568033,brousedfitness.ejune.6
46432319011,brousedfitness.kaye12
46436720667,brousedfitness.noelle4
46442462454,brousedfitness.gretel1
46442956727,brousedfitness.jannine05
46443244282,brousedfitness.jannine02
46445376051,brousedfitness.noelle5
46457536403,brousedfitness.gretchin3
46461273688,brousedfitness.jannine03
46463494541,zk3_vincere
46464790503,don07_vincere
46466862296,zk_vincere
46467665670,wmcclothings.cates03
46468220523,brousedfitness.kaye10
46471622485,don10_vincere
46473126906,don11_vincere
46477639737,aureoparis.zean
46480695793,brousedfitness.liza2
46482542588,clionar.u3
46485348752,vincere_lorain8
46486911285,mari04_vincere
46487273754,brousedfitness.kaye8
46487743343,brousedfitness.aiza10
46491464829,brousedfitness.edjaycarl17
46491499672,youstellascout.noa
46497067324,vincere_lorain10
46497286844,za_vincere
46502214487,clionar_aa
46505251878,luissyrin.u2
46505553443,brousedfitness.rocille9
46505679187,aureoparis.coleen
46506169389,vincere_lorain9
46507637831,clionar_34
46509830406,aureoparis.angeline
46510532785,luissyrinf33
46515359748,cille01_vincere
46518736059,vincere_lorain7
46519366529,brousedfitness.thalia17
46519912037,an9_vincere
46520563688,za3_vincere
46521425492,aureoparis.hestia
46524620583,brousedfitness.liza3
46535806978,brousedfitness.lyn.01
46538017133,clionar.jew
46562768415,brousedfitness.jean08
46564008985,brousedfitness.chariseme09
46566120112,shakira44_vincere
46571668081,brousedfitness.kristel28
46577056277,brousedfitness.gin4
46582088138,brousedfitness.jean011
46584350522,brousedfitness.aiza7
46584809224,brousedfitness.nenia5
46585117636,zeus_vincere
46592082167,brousedfitness.aiza5
46592115749,balanzispring
46593713795,an16_vincere
46601755377,brousedfitness.gretchin2
46603742808,brousedfitness.rocille1
46608689901,sachi_vincere
46608731003,mamakara_vincere
46620835945,brousedfitness.jannine04
46626640710,brousedfitness.noelleco7
46627186036,brousedfitness.nenia7
46629495371,clionar.m1
46635758670,shimae_belizzadesires
46638773475,an22_vincere
46640986128,brousedfitness.kaye13
46643199858,brousedfitness.rocille15
46643412822,an18_vincere
46643962216,brousedfitness.tan15
46649940848,luissyrin.m2
46652706034,hazel.01_vincere
46653043293,brousedfitness.jennifercrey3
46659557507,brousedfitness.botching6
46659908265,don9_vincere
46663860279,vincere_lorain6
46664162439,an17_vincere
46672146868,don09_vincere
46672174517,za2_vincere
46673539350,brousedfitness.rocille11
46675411918,bruteimpacts.awesomes
46676761055,an20_vincere
46676979940,brousedfitness.botching7
46683612263,aureoparis.ayesha
46687305053,loriabag99
46689742627,brousedfitness.leo3
46692350367,brousedfitness.leo5
46695577610,brousedfitness.rocille14
46695752407,vincere_lorain4
46696137027,larzsbrand_merla8
46701618034,fatima12vincere
46701986921,za4_vincere
46702252799,brousedfitness.jc4
46708916294,brousedfitness.jc1
46712911537,brousedfitness.thalia38
46713729204,clionar00
46726397548,cercles_janna30
46728438715,valerio.gray
46729785707,brousedfitness.jackie4
46732060646,brousedfitness.rio04
46741452204,brousedfitness.dominic11
46742395770,brousedfitness.dominic10
46744294507,clionar.nu
46748232422,gab.belizza
46749931794,clionar.50
46755814328,cille03_vincere
46761382647,wavilo.om79
46762466552,sheena24_vincere
46767884812,brousedfitness.dominic7
46770612650,brousedfitness.badeth
46771480116,sheena23_vincere
46775862971,brousedfitness.camille1
46805672898,sheena20_vincere
46810191610,brousedfitness.tan19
46813050523,brousedfitness.aiza9
46814858306,brousedfitness.rocille4
46818773429,bruteimpact.iconn
46824453855,don08_vincere
46824857088,brousedfitness.kaye11
46825469932,brousedfitness.kaye7
46827884064,an19_vincere
46831290307,brousedfitness.edjaycarl15
46832092167,brousedfitness.rocille8
46835682093,brousedfitness.rocille7
46835815085,brousedfitness.liza1
46839874775,wavilo.om75
46848491876,brousedfitness.kitty14
46850934525,clionar_35
46852998017,clionar12_m
46855269744,za5_vincere
46855809665,vincere_lorain3
46858977519,vincere_lorain5
46858985253,brousedfitness.rocille10
46861710032,espoir.angeline
46862951078,clionar123
46865994544,clionar.60
46866282227,clionar_white_manager
46869468089,luissyrin.ma3
46876452150,aureoparis.princess
46877698679,clionar11_m
46882595824,loriabag_mh_
46883392840,clionar_jew
46883968380,brousedfitness.mariaisabelle9
46891442081,luissyrin.mo2
46891662103,brousedfitness.liza8
46898190475,brousedfitness.thalia32
46899521111,wavilo.om30
46900879817,clionar111
46911128772,brousedfitness.jackie2
46911719556,clionar.11
46913635194,vincere_lorain11
46917947918,cercles_janna31
46920614915,brousedfitness.tinetine2
46927127107,cherryc13_vincere
46927928203,brousedfitness.leo6
46928356292,clionar.es2000
46929094593,brousedfitness.lyn.06
46931975212,zk10_vincere
46934293990,brousedfitness.dominic4
46937556865,loriabag_1_
46946497102,clionar.es2
46950226033,brousedfitness.anajee1
46951360408,clionar.es555
46952708130,brousedfitness.dominic9
46958112340,brousedfitness.rhasty9
46960593275,zk9_vincere
46968310841,brousedfitness.daniel5
46968728762,brousedfitness.tinetine1
46970597686,clionar.es55
46971933422,brousedfitness.chez5
46975351569,brousedfitness.daniel6
46980950599,brousedfitness.daniel8
46981636123,brousedfitness.chez13
46989095133,luissyrin3
46993041530,brousedfitness.camille4
46995743174,loriabag_ya
46999100655,brousedfitness.daniel13
46999905833,luissyrin9
47001542696,loriabag.ye
47001750933,loriabag_ss2
47006520450,valerio.immuna
47009864629,brousedfitness.chez1
47010221212,swayvintage_joeline02
47011248443,fitzeri.ai90
47011947184,brousedfitness.daniel14
47012461964,larzsbrand_merla05
47012892056,don20_vincere
47013437261,loriabag_mr
47013853926,brousedfitness.reginemhae7
47016013829,loriabag_maa_
47017354301,luissyrin_joeesther04
47040815611,brousedfitness.jackie5
47040902959,luissyrin.mo3
47041568257,vincere_lorain1
47044590671,enviareco_rr
47050926716,brousedfitness.jc5
47059606062,cille13_vincere
47061623602,brousedfitness.leo13
47065759115,brousedfitness.ling3
47070484028,brousedfitness.leo4
47072711601,brousedfitness.thalia40
47081342735,jane.10_vincere
47083801419,brousedfitness.aiza11
47085990052,brousedfitness.thalia33
47086321688,brousedfitness.jackie1
47087527441,deroque_recruiter
47090717639,cercles_janna32
47110638309,brousedfitness.tinetine3
47111178406,brousedfitness.thalia31
47112146922,larzsbrand_merla7
47119880748,jhz01_vincere
47141135504,sheena25_vincere
47145839315,luissyrin8
47146670639,don12_vincere
47147319599,clionar.es111
47149107209,brousedfitness.tinetine6
47150367229,brousedfitness.daniel4
47156102001,clionar.es65
47157461559,brousedfitness.chez4
47158581764,brousedfitness.chez7
47164644825,clionar95
47167879119,luissyrin_joeesther
47170675929,luissyrin4elegance
47172618268,brousedfitness.camille3
47173254263,luissyrin_joeesther05
47179806927,loriabag_dhh
47180079335,brousedfitness.daniel21
47184502934,loriabag.27
47186574973,loriabag_unicornn
47189480392,brousedfitness.mariaisabelle13
47192710277,lozada14_vincere
47199010187,lozada12_vincere
47200901787,brousedfitness.jus02
47200954403,za9_vincere
47207558895,crescent.aveguil40
47212954959,zk16_vincere
47213322826,don21_vincere
47214720764,wavilo.ya3
47215994059,loriabag_elite
47216273697,brousedfitness.dean16
47216619333,brousedfitness.jus4
47217142431,brousedfitness.pyrex3
47218338462,brousedfitness.daisymae1
47218659326,brousedfitness.jus3
47228292969,brousedfitness.reginemhae10
47232729454,brousedfitness.camille11
47234235823,jay8_vincere
47234308041,helary05_vincere
47238545633,sheena28_vincere
47240194928,brousedfitness.pyrex2
47243709565,brousedftiness.arvin5
47244828188,minterbrand_manager
47246471571,za15_vincere
47254808444,helary02_vincere
47257139337,jee04_vincere
47281242888,brousedfitness.dominic3
47288451424,clionar.es77
47289853174,brousedfitness.dominic2
47296049211,brousedfitness.dominic6
47296559617,brousedfitness.camille5
47299844033,brousedfitness.dominic1
47300488612,cercles_janna27
47302276770,za6_vincere
47305368980,clionar.es11
47309855157,luissyrin.99
47313526638,brousedfitness.chez2
47317734166,luissyrin_es6
47318391111,brousedfitness.fatima12
47324903191,brousedfitness.daniel7
47325390643,don14_vincere
47325404630,don13_vincere
47327190787,brousedfitness.daniel11
47329118570,don18_vincere
47330453878,brousedfitness.fatima9
47330646509,brousedfitness.michelle31
47335324476,sheena27_vincere
47336796007,clionar_222
47344254779,colleen_astoria
47353060094,luissyrin_denver02
47353805088,luissyrin7
47354563472,brousedfitness.cleo2
47357212571,zk12_vincere
47359810418,luissyrin_n
47363945703,brousedfitness.camille6
47367226006,bruteimpact__instamodel
47368225320,clionar.2
47369016344,brousedfitness.chez11
47373892061,brousedfitness.daisymae4
47377607237,cercles_auriette2
47379027032,luissyrin_marie02
47380616103,clionarone
47381083402,loriabag.m
47389706584,loriabagmona
47393193986,brousedfitness.daniel20
47394257147,crystal_astoria
47399358480,jee01_vincere
47399449739,loriabag_es
47404842090,brousedfitness.jus05
47423552169,linette_astoria
47424563303,cille07_vincere
47430017242,jay7_vincere
47438290120,jee02_vincere
47449932728,zk20_vincere
47465707418,zk17_vincere
47466684667,brousedfitness.graciela12
47473526926,jammy02_vincere
47478020623,animalpixel.earner
47488886270,outfitsinbalanzi
47493948485,jee09_vincere
47494429406,alberto11_vincere
47494524350,jee07_vincere
47521719520,loriabag.so
47521903487,loriabag_ss1
47522836004,don16_vincere
47523119024,zk14_vincere
47524239276,brousedfitness.daisymae3
47525278064,zk13_vincere
47528447254,brousedfitness.reginemhae2
47530639861,brousedfitness.angelo6
47532182874,brousedfitness.camille9
47533306986,don17_vincere
47534456080,brousedfitness.camille2
47537009090,clionar.es2020
47538732648,brousedfitness.arvin
47539080642,clionar.es20
47545259072,zk11_vincere
47545579781,loriabag.maa
47546058094,lozada13_vincere
47546691660,loriabag_dh
47549516759,brousedfitness.reginemhae1
47552920728,don19_vincere
47553166953,brousedfitness.jus9
47559166211,brousedfitness.jus8
47559370776,loriabag_gi
47559562425,zk15_vincere
47563582546,sheena32_vincere
47563617042,brousedfitness.fatima06
47565506260,loriabag.eu
47567955288,brousedfitness.angelo5
47571250576,paisley_astoria
47581474089,sky_astoria
47582680297,brousedfitness.daisymae05
47585468686,brousedfitness.jacky1
47585754586,helary01_vincere
47590626085,helary04_vincere
47592786169,sheena30_vincere
47598529679,brousedfitness.pyrex4
47606386543,jee05_vincere
47606416342,sheena29_vincere
47609276132,brousedfitness.graciela2
47611398486,zk19_vincere
47651289804,valerio_average
47670089342,jena12_vincere
47676587728,rhealyn_.10vincere
47677579382,jammy04_vincere
47679708735,cercles_kristine
47683861216,carl05_vincere
47688934114,sheenaa33_vincere
47691154789,alberto12_vincere
47760652138,shinyuuu.belizzadesires
47761423169,za12_vincere
47762059930,brousedfitness.arvin3
47764460276,brousedfitness.jack2
47765281043,sheenaa26_vincere
47771162701,jee03_vincere
47772761874,cille06_vincere
47778479164,brousedfitness.graciela11
47778496975,jay6_vincere
47784566298,zk18_vincere
47788715020,cercles_auriette1
47789571546,brousedfitness.graciela4
47791131638,za13_vincere
47817680979,za14_vincere
47825116199,vansla_athena7
47825727410,alberto13_vincere
47833689872,brousedfitness.graciela14
47834452744,jee08_vincere
47836244699,jammy03_vincere
47846332310,brousedfitness.jeane03
47846657342,sheena36_vincere
47852971773,brousedfitness.jeane01
47854161860,jee06_vincere
47856867716,alberto14_vincere
47857410098,jammy05_vincere
47858594761,brousedfitness.jeane04
47866506448,cercles_kristine3
47873740128,sheena41_vincere
47880225356,sheena38_vincere
47944814869,wmcclothings_fria0
47947446912,wmcclothings_fria2
48001840595,brousedfitness.graciela9
48003575165,cercles_kristine12
48008652589,jee10_vincere
48011893578,sheena37_vincere
48015479155,sheenaa31_vincere
48017792546,brousedfitness.graciela15
48021125309,cercles_kristine13
48031584242,sheena35_vincere
48045057093,brousedfitness.jeane05
48045099429,sheena40_vincere
48054562827,sheenaa34_vincere
48054673731,sheena39_vincere
48104282404,mae04_vincere
48123144391,sheryl05_vincere
48144267272,wmcclothings_fria1
48276438162,wmcclothings_fria4
48296689914,peachperfect_ssheena
48508225127,wmcclothings_fria5
48599968059,larzsbrand.julia
48738764085,wavilo.rf21
